time_s,CSplus_01,CSplus_02,CSplus_03,CSplus_04,CSplus_05,CSplus_06,CSplus_07,CSplus_08,CSplus_09,CSplus_10,CSplus_11,CSplus_12,CSminus_01,CSminus_02,CSminus_03,CSminus_04,CSminus_05,CSminus_06,CSminus_07,CSminus_08,CSminus_09,CSminus_10,CSminus_11,CSminus_12
-2.0,-0.1557,-0.4378,-0.3306,-0.3298,0.1048,-0.3313,0.1726,-0.2838,0.1505,0.2657,-0.1749,0.145,-0.2598,0.1139,0.6289,0.2829,-0.7461,-0.2279,-0.3715,0.0229,0.1701,-0.2188,0.1171,0.0157
-1.9497,-0.1372,0.1112,0.0762,0.1267,-0.0091,-0.1975,-0.6485,0.0319,0.5356,-0.1152,0.2428,0.0319,0.0697,-0.3354,-0.1565,-0.2698,-0.1738,0.4078,-0.2164,-0.5745,0.7662,0.1703,0.2992,-0.0642
-1.8994,0.152,0.0228,0.0717,0.3461,0.3032,-0.1525,0.1158,-0.2036,-0.0232,0.2107,0.2035,-0.0099,-0.0819,-0.5111,-0.2538,-0.212,0.1228,0.1602,-0.0348,-0.1175,0.07,-0.0822,0.3713,0.1243
-1.8491,0.263,0.0416,-0.2901,-0.0705,0.612,0.0654,-0.0255,-0.7774,-0.0708,0.2178,-0.0508,-0.0166,-0.2472,-0.1361,0.3119,-0.6482,-0.4032,-0.0062,0.2795,-0.3982,0.3147,-0.1459,0.1242,0.3272
-1.7987,0.0613,0.0499,0.6035,0.2777,-0.0564,-0.0577,0.1192,-0.3076,0.0634,-0.1734,0.734,0.405,-0.1518,-0.3824,0.1191,0.1682,0.1838,-0.3618,-0.5102,-0.2318,-0.0738,-0.2035,-0.0207,0.0129
-1.7484,-0.1884,0.1234,-0.1742,-0.1127,0.1153,0.0466,0.2509,-0.1336,0.3308,0.0684,-0.3177,-0.0263,0.1648,0.3326,0.0184,0.244,0.167,-0.4262,-0.2098,0.0411,-0.4597,-0.0895,-0.0406,0.1223
-1.6981,-0.2477,0.0108,-0.2194,0.4894,0.0759,0.3737,0.1247,-0.1574,0.6728,0.2123,0.4774,0.2512,-0.1217,0.0797,-0.7291,-0.2016,0.0229,0.016,-0.3478,0.0619,0.1695,0.4629,0.1592,0.1078
-1.6478,0.4333,0.0473,0.0803,0.0644,0.0509,0.4116,0.2071,-0.4815,0.1511,0.3526,0.0732,-0.0873,-0.0522,0.2008,0.1137,-0.1322,0.0651,0.037,-0.4957,0.3804,-0.2967,-0.0694,0.3007,0.2828
-1.5975,0.1782,0.0768,0.3093,0.1603,-0.0415,0.1943,-0.3514,-0.1249,-0.4458,-0.0986,0.2967,0.0197,-0.2483,-0.1758,-0.0374,-0.0645,-0.0413,-0.2107,-0.4019,0.0656,-0.0616,-0.1954,0.0082,0.2111
-1.5472,0.2159,0.2788,-0.1803,0.2298,0.116,0.3746,0.1343,0.108,-0.0077,-0.0155,-0.0948,-0.3301,0.1626,-0.0182,0.02,0.4771,0.0292,-0.3009,0.2332,-0.1566,0.5944,0.0338,0.1907,0.4354
-1.4969,0.655,-0.1544,-0.1799,-0.4056,0.3384,0.5189,-0.0328,-0.362,-0.3543,-0.2991,0.3452,-0.6381,-0.1713,-0.1565,-0.2397,0.2721,-0.3954,-0.3986,0.0314,0.1918,-0.5344,0.2419,0.3473,0.3146
-1.4465,-0.2448,0.2359,0.1512,-0.0546,-0.2547,0.1111,-0.0259,0.0569,-0.3025,0.2161,-0.3001,-0.1366,0.0632,0.0882,0.3854,0.342,0.302,0.1035,0.0489,-0.5082,0.1137,0.005,0.3603,-0.1905
-1.3962,0.7678,0.1909,-0.4277,0.5522,0.5703,-0.4195,0.39,-0.6281,0.5272,0.0127,0.2343,0.0194,0.0354,-0.6652,-0.0109,-0.0442,0.0884,0.1995,0.1924,0.5061,0.1602,0.1269,0.3499,0.0684
-1.3459,0.9453,0.0316,-0.2318,0.0109,0.1519,0.3016,-0.1466,0.1314,-0.1176,-0.416,0.073,-0.1537,-0.1321,-0.0078,-0.0807,-0.1334,0.1467,0.213,0.1365,-0.6506,0.1025,0.1924,0.2509,0.2783
-1.2956,0.4855,-0.1425,-0.2515,0.4208,0.0909,-0.2985,-0.2,-0.1901,-0.227,-0.1215,0.2654,0.152,-0.2661,0.311,-0.475,0.3303,-0.2404,0.1813,0.1338,0.1974,-0.1697,0.2293,0.5196,0.0309
-1.2453,0.2481,0.1107,-0.1303,0.2652,-0.6747,0.5586,-0.3941,-0.4222,0.3975,-0.051,-0.1497,-0.2511,-0.0386,0.5117,-0.0673,-0.4974,-0.4621,-0.1663,0.5957,0.1614,0.0624,0.0704,-0.2632,-0.8345
-1.195,-0.1991,0.2592,-0.0427,-0.5483,-0.0032,0.5175,-0.0887,0.3122,0.0113,-0.1926,0.122,-0.4297,-0.1076,0.2501,-0.3364,0.1538,0.3544,0.4773,0.2095,-0.1794,-0.2794,-0.4124,0.5039,0.525
-1.1447,0.2983,-0.3225,0.5533,0.2122,-0.2928,-0.1555,0.3212,0.119,-0.3506,-0.2314,-0.2393,-0.4544,0.2885,0.0437,0.4015,-0.3899,-0.4584,-0.3058,-0.8519,-0.1383,0.4712,-0.0326,0.0233,0.1219
-1.0943,-0.1328,0.0186,0.2722,-0.3265,0.1723,-0.3299,-0.5003,0.2641,0.0068,-0.5047,-0.1119,0.1839,-0.2696,-0.5114,0.0655,0.2355,-0.1158,0.1679,0.178,-0.4542,0.0549,-0.1923,-0.4621,0.0782
-1.044,-0.0065,0.0194,0.0067,0.0784,0.2867,-0.2066,0.0754,0.0723,-0.4283,0.0136,-0.0787,-0.2615,0.2121,0.0453,-0.1908,0.1523,-0.0495,-0.1237,0.3029,0.029,0.4014,0.2213,0.0378,0.0886
-0.9937,-0.0871,-0.1984,-0.0674,-0.1247,0.345,-0.0195,-0.7598,0.0832,-0.2674,-0.1423,-0.186,-0.0117,0.3475,-0.5896,-0.0641,-0.2667,0.0588,-0.3384,0.1554,0.1593,-0.0804,0.3872,0.0967,-0.2505
-0.9434,0.0851,-0.1858,0.2623,0.0065,-0.0499,0.3844,-0.2071,-0.136,0.0461,0.2587,-0.1515,-0.4387,0.1829,-0.2702,0.4257,0.0655,0.0821,-0.1972,-0.188,-0.1676,0.2673,-0.1097,-0.3953,-0.0003
-0.8931,0.3864,-0.4653,0.1285,-0.0213,-0.0224,-0.3706,0.1312,0.1056,-0.7724,-0.0461,-0.3709,-0.2761,0.2093,-0.0642,0.0324,-0.3403,-0.0217,0.1609,-0.3226,0.1247,0.214,0.2242,0.0089,-0.1127
-0.8428,-0.1667,-0.3309,0.2674,0.0728,0.1311,0.2646,-0.1616,-0.0462,0.2048,0.2357,-0.0419,-0.0237,-0.0891,-0.084,-0.0136,-0.3149,-0.4459,0.3236,0.0141,0.2025,-0.336,0.1145,-0.6556,-0.253
-0.7925,-0.2956,-0.4612,0.4143,-0.1345,-0.6294,-0.6209,-0.3606,-0.2126,0.0672,-0.3715,0.43,0.3054,0.1231,0.2636,0.5473,-0.1187,-0.0989,0.0942,0.2125,-0.2356,0.4826,-0.0663,0.51,0.0355
-0.7421,-0.3009,-0.185,-0.3025,-0.4053,-0.1301,0.3641,-0.1105,-0.0778,0.2432,0.0983,0.8465,-0.3395,0.126,-0.0866,0.1014,-0.2291,-0.0431,-0.8833,0.2724,0.2527,0.8183,0.4206,-0.0777,0.1137
-0.6918,-0.2905,-0.168,-0.6759,-0.303,-0.1628,-0.0186,0.2967,-0.4032,-0.1252,0.203,-0.255,-0.4555,-0.4937,-0.3809,0.2617,0.2957,0.1453,0.218,-0.5773,0.134,0.3271,-0.1353,-0.0014,0.3216
-0.6415,-0.4293,-0.1624,-0.0065,0.2749,0.1562,0.0599,0.4476,-0.0292,0.1186,0.2079,-0.231,-0.0247,-0.1075,-0.1486,-0.1153,0.6251,0.0555,-0.6407,0.1051,0.0181,-0.3955,-0.2029,0.2872,0.079
-0.5912,-0.2739,0.1116,0.0238,0.5173,-0.1372,-0.0318,0.4537,0.1102,-0.3032,-0.0961,0.0965,0.0245,-0.3718,-0.2307,-0.1241,0.0002,0.3248,0.5759,0.401,0.2276,-0.2447,-0.2585,0.0033,-0.046
-0.5409,0.388,-0.0563,0.086,0.0698,0.2232,0.2807,0.2047,0.0157,-0.2836,-0.2781,0.1461,-0.1522,-0.5676,0.3221,0.2433,-0.0024,0.2365,0.0626,0.2411,0.0901,-0.6603,0.3173,-0.3772,0.1695
-0.4906,-0.178,-0.2187,-0.1796,0.2527,-0.0579,0.1114,0.1082,0.1482,0.0239,0.4858,-0.3907,0.3433,-0.015,-0.4447,-0.0242,0.2224,-0.3988,0.0417,0.7984,-0.2221,-0.2355,-0.2211,-0.5791,0.3157
-0.4403,0.0771,-0.2166,-0.0698,0.2931,0.2566,0.5064,0.2958,-0.1145,0.0014,-0.0704,-0.6939,-0.5384,0.1239,-0.1507,0.0978,-0.0974,0.0044,0.2991,-0.2186,-0.1977,0.5395,-0.2249,0.1985,0.2911
-0.3899,-0.3651,-0.3395,0.1676,-0.4097,0.6655,-0.5329,-0.3469,-0.0118,-0.0094,-0.3683,0.0743,-0.2702,-0.2065,0.271,-0.0294,0.1333,0.1168,-0.0873,-0.3799,0.0636,0.3182,0.3221,0.2397,-0.0687
-0.3396,0.0509,-0.0589,0.1838,-0.5618,0.4674,-0.2715,-0.2908,-0.0132,0.3982,-0.0744,0.3969,-0.0232,0.1485,-0.2613,-0.0099,-0.5665,-0.1679,-0.0796,0.2769,0.3285,-0.2813,0.1064,-0.13,0.0269
-0.2893,-0.5222,-0.0642,0.3993,-0.0154,0.2841,-0.4038,0.3875,0.5547,-0.0882,0.0874,0.4226,-0.2866,0.1651,0.1109,-0.05,-0.2108,0.4378,-0.1169,0.4718,0.05,-0.3717,-0.046,-0.6009,-0.0852
-0.239,-0.2096,0.4869,-0.6499,-0.5677,0.3434,0.2153,0.2569,-0.4103,0.1285,-0.2232,-0.0055,0.0769,0.0233,0.005,-0.4045,-0.4656,-0.1806,0.0364,-0.3166,-0.1221,-0.1871,-0.2544,0.0978,0.6393
-0.1887,0.6764,0.4602,-0.4946,-0.0817,-0.1098,-0.5063,0.2625,0.5812,0.097,0.113,0.4138,-0.0226,-0.1534,-0.1063,0.3812,-0.5767,-0.4032,0.0227,0.0148,0.0085,0.3328,0.0706,-0.0052,0.2961
-0.1384,-0.1749,0.4434,0.4386,-0.4435,-0.2312,0.7293,0.0665,-0.2391,0.0414,0.2586,-0.0536,-0.0989,0.1974,-0.5313,-0.1898,0.2817,-0.5482,0.0663,0.0747,-0.3571,0.1556,-0.3173,0.1849,0.3665
-0.0881,0.336,0.6238,0.1825,-0.1872,-0.2538,0.0275,-0.2475,-0.1217,0.1177,-0.022,-0.4214,0.6991,0.525,0.0052,-0.369,-0.0943,-0.1554,-1.0012,0.1316,0.3395,0.4561,0.0586,-0.2381,-0.2921
-0.0377,0.1365,-0.3651,0.238,-0.2254,0.0587,0.3666,-0.324,0.0615,-0.5248,0.2936,-0.0429,-0.3217,-0.6181,-0.1598,0.0142,0.4668,-0.1539,-0.0307,0.394,0.4199,-0.1851,0.0439,-0.6276,0.1128
0.0126,1.2105,1.4583,1.171,1.4124,1.6984,0.9665,1.5378,1.408,1.0846,1.2134,1.5638,1.1534,0.6764,0.5416,0.2538,0.9083,0.3333,-0.021,1.1959,0.9565,0.5056,0.4395,0.296,0.8821
0.0629,1.1548,1.5788,1.2082,1.1563,1.1317,1.4094,1.6753,1.3212,1.6752,1.2024,1.3868,1.473,0.146,0.0543,0.8635,0.4721,-0.1826,1.312,0.3163,0.7565,0.2892,0.5521,0.7269,0.1228
0.1132,1.8331,1.5899,1.507,1.1027,1.5877,1.6343,1.1109,1.4921,1.3534,1.9126,1.2747,1.1971,0.782,0.6842,0.7127,0.4015,0.5209,0.7675,0.4334,0.3225,0.4793,0.7138,0.8426,0.5046
0.1635,1.4925,2.1837,1.2638,1.5603,1.1715,1.3338,1.3238,1.9396,1.7491,1.7266,1.5592,1.5621,0.8631,0.7611,0.3807,0.336,0.8994,0.8444,0.0973,0.5219,0.4815,0.0281,0.4624,-0.0033
0.2138,2.1041,2.4073,1.1869,2.5361,1.281,1.5776,1.615,2.3996,1.7816,1.6716,1.7441,1.8781,0.4805,1.021,0.328,-0.133,0.3983,0.7438,0.8468,0.4785,0.5226,0.2909,0.4347,1.5065
0.2642,1.5314,2.041,1.414,1.895,2.0044,2.2144,2.0095,1.8487,0.8295,1.203,1.7861,1.7879,0.5098,0.4922,0.8236,0.476,0.8108,0.84,0.2883,0.7631,0.8254,0.8572,0.0985,0.7147
0.3145,1.866,2.0448,1.8838,1.2654,1.6428,2.2288,1.7467,2.0359,1.4506,1.4297,1.9372,2.0475,0.6714,0.4657,0.4591,0.5912,0.4818,0.4059,0.7174,1.0746,0.5441,0.6325,1.0346,0.5307
0.3648,2.09,1.6136,2.1415,1.9777,1.7357,2.124,1.6947,1.9006,1.7453,1.4454,2.0611,1.8136,0.7506,0.9833,0.2941,0.5086,0.4587,0.9497,0.8598,-0.0257,0.6804,0.9687,0.5789,0.9878
0.4151,2.1629,1.7149,2.5464,2.8223,2.6436,2.6424,2.3475,2.5248,1.8412,2.0313,2.3688,1.9484,0.6911,0.4349,0.2436,0.4559,1.1476,1.0075,1.168,0.8677,0.4934,1.2591,0.5368,0.6396
0.4654,1.78,2.3602,2.2616,2.2008,2.1708,1.5664,2.3293,2.0963,2.0098,2.1341,2.1875,2.703,1.1298,0.5279,0.9903,0.7575,0.9987,0.8406,0.7722,0.856,1.1586,1.2525,0.5199,0.9889
0.5157,2.0477,2.2243,2.3887,2.6312,2.2336,2.3343,2.0387,2.3784,2.1117,2.3634,2.1992,2.3652,0.3533,0.7284,0.3455,0.7079,1.0838,1.0546,0.6718,0.9006,1.3497,1.1198,0.7039,0.6919
0.566,2.2821,1.9417,2.8473,2.6739,2.272,2.2265,2.1431,2.0103,2.0908,2.6427,2.4462,2.6072,0.7074,0.5151,0.4942,0.894,1.5542,1.1759,0.6586,1.05,1.4545,0.8897,0.9823,1.2076
0.6164,2.175,2.3939,2.1981,2.7876,2.5557,2.8582,2.7641,1.6206,2.2254,1.968,2.6061,2.2116,1.0866,1.3209,1.0879,0.59,0.8887,0.8944,1.198,0.6239,1.1454,1.2467,0.7764,0.7023
0.6667,2.7201,2.6249,2.2291,2.8321,2.3046,2.8499,2.1326,3.1721,1.9253,2.1076,1.9926,2.4279,0.8366,1.2088,1.1537,1.4814,0.9154,0.5855,0.8152,1.1966,0.922,0.7462,1.3269,0.9749
0.717,2.774,2.8784,2.4362,2.6824,2.6148,2.9485,2.5098,2.8954,3.1725,2.3167,2.9393,2.9236,0.8778,0.2983,0.5909,1.1091,0.9937,1.1983,0.9699,1.0412,0.6833,1.0136,1.146,0.6566
0.7673,2.0854,2.6403,2.6437,2.6173,2.9986,2.4935,2.8074,2.9258,3.0826,2.8016,3.1792,2.677,0.8893,0.3348,0.7859,0.9258,1.4106,1.4383,1.2172,0.9117,0.6741,0.906,1.0895,1.037
0.8176,2.1995,2.6603,3.3481,2.6575,2.6449,2.9095,2.7904,2.4452,2.9966,2.8201,2.7469,2.3452,1.2904,0.8087,1.2866,0.7644,1.2885,0.6456,1.4096,1.0038,0.9922,0.8682,1.3926,0.9784
0.8679,2.4181,2.8044,2.6979,2.8387,2.0889,3.1267,3.0814,2.2994,2.7705,2.4847,2.9848,2.5098,1.2359,1.1763,1.0798,0.7313,0.7601,1.3775,1.3879,0.8913,0.6659,0.8105,0.6655,0.6593
0.9182,2.8917,2.9084,3.2487,2.9846,2.6601,3.2457,2.3432,2.767,2.5763,2.6391,2.6333,2.8135,0.6496,1.2512,0.8976,1.2777,0.8006,1.1255,0.6083,1.0671,1.2866,1.177,1.0888,1.5949
0.9686,3.5124,2.5535,2.7606,2.5197,3.1328,2.6245,2.9077,2.9185,3.6257,3.0084,3.1024,3.3507,0.7227,1.4866,1.0885,0.9352,1.1766,1.2493,0.7242,1.2312,1.1505,0.6101,1.3009,1.0126
1.0189,2.8251,3.1898,3.0873,2.8557,3.2761,2.7349,3.0302,3.1353,2.6498,2.9526,2.6832,3.0777,0.9535,1.1628,1.1922,1.0866,1.2299,1.3324,1.1894,0.6879,0.6862,0.5026,1.3227,1.0832
1.0692,3.0437,3.6256,3.1729,2.9563,3.0775,3.042,3.0686,2.9531,3.3899,3.2643,3.021,2.7175,1.047,0.767,0.7472,1.206,1.2293,0.7697,1.2676,0.978,1.0345,1.389,0.9606,1.3759
1.1195,2.6691,3.2323,3.1479,3.0204,3.4162,3.4065,3.1611,3.3496,3.073,2.7375,3.159,2.9609,1.3676,1.221,0.7797,0.9265,1.2605,1.1837,1.1811,0.9487,1.3617,1.2193,0.7354,0.8179
1.1698,2.6843,2.5639,3.2236,2.9054,2.6864,3.1844,2.6483,3.0828,2.7171,2.9494,2.7609,2.9962,1.0642,0.7513,1.4225,1.1697,1.0421,1.4067,1.5063,1.0815,1.4575,1.3474,0.5422,0.7828
1.2201,2.4121,3.0276,2.7925,3.2412,3.3829,3.412,3.4328,3.0726,2.7464,2.6953,2.6656,2.4759,1.4962,0.8482,1.6151,0.536,1.2847,1.5283,1.5796,1.0077,1.1774,1.0665,1.2476,0.9103
1.2704,2.9823,2.4611,3.4277,2.9596,3.0538,2.4051,3.127,3.3175,2.8566,3.3266,2.8858,2.9598,1.6562,0.6139,1.3576,0.8014,1.29,1.3595,1.0731,0.5632,1.3008,1.2397,1.0709,1.4239
1.3208,3.2573,2.4244,3.2674,2.8605,3.1759,2.8916,3.1413,2.7565,2.7776,3.2716,2.8025,2.8472,0.8298,0.8189,1.0231,0.5046,0.8218,0.8104,1.1462,1.221,1.2013,0.9458,1.0377,0.805
1.3711,2.8393,3.1441,2.7357,2.5752,2.0882,3.0959,2.7732,3.0422,2.5138,3.0841,2.8478,2.8803,1.1318,0.8925,0.866,0.9508,0.703,1.1424,1.4194,1.4283,0.9598,0.9273,1.1332,1.8663
1.4214,3.3295,2.9339,3.0623,2.6774,3.1783,2.9915,2.9648,2.7275,3.0295,3.1943,2.5794,2.6214,1.3771,0.8943,1.0745,0.9328,1.1383,0.9933,1.338,0.851,1.1278,0.7359,1.0522,1.1482
1.4717,2.9257,2.6602,2.5444,2.9352,2.9363,2.299,3.2655,2.6477,2.5825,3.271,3.1896,2.9583,1.1221,1.5819,1.3563,1.5697,0.9283,1.0708,0.7382,1.0921,1.1047,1.5865,0.8991,1.1743
1.522,2.8031,2.1878,2.8425,2.8497,3.3865,3.1443,2.8094,3.2446,3.0344,3.2422,2.7312,2.6696,1.1363,1.0607,1.3997,0.789,0.5999,1.3667,0.6282,0.8184,0.8742,0.748,1.2566,1.1859
1.5723,2.9091,2.3733,2.4026,2.1423,2.8104,2.8576,2.8126,3.0601,2.6919,3.2553,2.8846,2.5016,0.8742,1.1141,0.9971,1.0447,1.2421,0.5912,0.4598,1.0614,1.1007,1.4796,0.6066,0.8329
1.6226,2.833,2.7355,2.9023,2.9641,2.3948,2.5468,2.7818,2.8278,2.721,2.468,2.1973,3.2226,0.8213,1.032,1.0958,1.101,1.1117,1.143,0.9802,0.914,0.9959,0.6266,0.6489,0.9871
1.673,2.9574,2.6227,3.5024,2.4023,2.3721,2.9724,2.1232,2.9836,2.6393,2.3708,2.4352,2.4806,1.0215,1.4332,0.5156,1.3667,1.3765,1.0931,0.7729,1.2773,1.0896,0.6906,0.5673,0.7893
1.7233,2.2929,2.7404,2.9747,2.2629,2.6552,2.0147,2.4817,2.6271,2.4085,2.914,3.0101,2.1036,1.2298,0.6435,0.8787,1.0554,0.9129,0.6377,0.7157,0.7556,0.9501,1.2937,0.8262,0.9133
1.7736,1.7622,2.9056,2.6679,2.783,2.541,2.2952,2.6565,2.8325,2.4107,2.319,2.1837,2.7948,0.5849,1.1229,1.3266,1.1108,0.9205,1.2376,0.4177,1.0818,0.9125,1.0721,1.0847,0.8398
1.8239,2.3937,2.2575,2.0884,2.7082,2.169,2.6244,2.2127,2.0907,2.4024,1.8292,2.4427,2.7627,0.8248,0.6086,0.8136,1.3913,0.4319,0.6895,0.8458,0.6434,0.3426,0.9893,0.6362,1.3039
1.8742,2.0825,2.4067,2.3801,2.0526,1.9456,2.3788,2.2534,2.2054,2.9502,2.128,2.8908,1.9563,1.3739,0.7893,0.9585,0.3192,1.2541,0.8451,0.3587,0.6631,1.5511,0.556,0.8746,0.9037
1.9245,2.1615,2.1283,2.525,2.063,2.6245,2.1023,2.1598,2.2662,1.7751,2.4727,2.1671,2.0194,0.7399,0.9441,1.0553,0.6115,0.9805,0.0163,0.4289,0.8208,1.0287,1.0845,1.0766,0.8156
1.9748,2.5702,1.922,2.0444,1.7037,1.9993,2.0248,1.597,1.7554,1.8511,1.9302,2.5203,1.9967,0.8126,0.3543,0.9954,0.6352,1.0274,1.0971,0.6448,0.2656,0.9077,0.5045,1.2893,0.7244
2.0252,1.6397,1.8971,2.0093,2.2148,1.95,1.9005,2.2118,1.7545,1.845,2.1973,1.6998,1.8289,0.9658,0.6066,0.7426,0.6913,0.6471,0.6383,0.8624,0.4513,1.267,0.8141,0.9787,0.514
2.0755,2.0986,2.1574,1.3609,2.1406,1.7092,2.1293,1.463,1.4844,1.4817,1.9591,1.7236,1.4326,0.8607,0.6871,0.5078,0.4842,0.6669,0.5911,0.6912,0.9249,1.0013,0.472,0.5366,0.4217
2.1258,2.0512,1.4589,1.5108,1.6358,2.187,1.6762,1.8943,1.952,1.357,1.3644,1.7473,1.4222,0.6046,0.7994,-0.0098,0.9562,0.7456,1.0886,0.8562,0.4362,0.8095,1.1102,0.2027,0.5961
2.1761,1.8043,2.0084,1.1116,2.0836,2.0007,1.8695,1.626,1.5124,1.1892,1.8001,1.5017,2.2862,0.5491,0.5437,0.2539,0.4136,0.3823,0.0291,0.5856,0.2021,0.826,0.7311,-0.1358,0.9934
2.2264,1.9012,2.0088,2.14,1.8412,1.2591,0.9395,1.4633,1.6293,1.5344,1.5678,1.6661,1.3608,1.0354,1.4201,0.4721,0.3669,0.3394,0.8366,0.4385,0.1384,1.0909,0.9755,0.4016,0.7327
2.2767,1.3291,1.4773,1.6084,1.4295,1.4437,1.8355,1.4867,1.606,1.2914,1.3017,0.9317,1.2849,0.2583,1.1024,0.743,0.6636,1.1354,0.8566,0.4318,0.5538,0.6354,0.4929,0.5735,0.3652
2.327,1.1651,1.4461,1.587,1.5861,1.093,2.1021,1.5957,1.3069,1.4049,0.9409,1.0491,1.5793,0.1,-0.1585,0.5541,0.2681,0.6031,-0.0976,0.2195,0.3273,0.1188,0.2912,0.375,0.281
2.3774,1.5867,0.8515,1.2142,0.7786,1.8313,1.4249,1.519,1.266,0.8309,1.7531,1.665,1.1083,0.8055,0.5029,0.801,0.1407,0.2581,0.5475,0.4708,0.4738,0.0362,0.0614,1.0533,0.3879
2.4277,1.3993,1.8914,0.745,1.1044,1.3162,1.1573,1.0541,1.2082,0.8997,0.9096,1.2166,0.9593,0.8169,0.6,0.0593,0.0302,0.0041,0.3194,0.791,-0.4096,0.8662,0.5104,0.0519,0.7511
2.478,1.5118,1.3883,1.1474,1.1701,1.0106,0.9341,1.0453,1.2049,1.3517,0.4839,1.2381,0.7575,0.1166,0.504,-0.1408,0.3475,0.0453,0.0848,0.6221,0.1525,0.3615,0.7575,0.2222,0.7117
2.5283,1.0732,1.0612,0.8186,1.0064,0.9083,1.2195,0.7517,1.3914,1.2181,1.2583,1.5112,1.1459,0.6397,0.7873,0.5408,0.6604,0.4657,-0.0189,0.5852,0.1265,0.5503,0.5304,-0.3113,0.263
2.5786,1.4152,0.9454,0.6372,1.5431,1.0914,0.7331,0.4897,0.5871,0.4432,0.7937,0.4017,0.9658,0.4559,-0.5179,0.8644,0.5637,0.0494,0.5596,0.4495,0.5535,0.334,0.1296,0.6879,0.1679
2.6289,0.766,0.9859,0.8672,0.9438,0.7768,0.605,1.1359,0.8617,1.0809,1.2046,-0.0477,1.1632,0.286,-0.0105,0.3617,0.4314,-0.0168,0.6659,0.3758,0.5623,0.4649,0.1791,0.1333,0.466
2.6792,0.4591,0.5818,0.8101,0.8871,1.24,0.1385,0.448,0.4066,0.5946,0.745,1.3052,0.6255,0.3264,0.7477,0.1116,0.3051,0.2182,-0.0534,0.3092,0.4688,0.0516,0.1524,-0.2547,0.0661
2.7296,0.0967,0.7928,0.6537,0.3094,0.43,0.7806,0.4872,1.1209,0.3571,0.7025,0.2934,1.0748,0.8234,0.624,0.5156,0.0777,0.3634,-0.0258,-0.076,-0.3531,0.4189,0.2518,0.2102,0.1939
2.7799,0.3122,0.3656,0.4104,0.5864,0.2723,0.5554,0.7565,0.0855,0.842,0.8174,0.6628,0.6646,0.4698,0.9213,0.6481,0.1919,0.6169,0.4852,-0.1137,0.4741,-0.424,0.4439,0.6718,0.7212
2.8302,0.8272,0.7309,0.2859,0.3466,1.0048,0.5109,0.1774,0.6154,0.832,0.6158,0.0894,0.3989,0.4016,0.7097,-0.1595,-0.1686,-0.0373,0.9461,-0.083,0.5574,0.1498,0.2556,0.8028,0.0321
2.8805,0.0854,0.3214,0.5267,1.2295,0.3971,0.5242,0.6689,0.3861,-0.2424,0.5577,-0.2467,0.6385,0.3611,-0.1927,0.0807,0.224,-0.0213,-0.2776,0.4707,-0.0606,-0.1939,0.4058,0.1176,0.2351
2.9308,0.3364,0.7407,0.8388,0.3474,0.898,0.2596,0.219,0.2866,0.7106,0.7953,0.4434,0.5528,0.007,0.4836,0.466,0.457,0.2794,-0.2683,-0.0262,0.2408,0.1921,0.3058,0.36,0.176
2.9811,1.0553,0.3872,-0.058,0.459,0.6873,0.4795,0.0824,0.6189,0.2518,0.1519,0.557,0.4827,0.0729,0.0704,0.2201,-0.3462,0.0049,-0.1742,0.3408,0.2665,0.2008,-0.1467,0.0277,0.4338
3.0314,0.6324,0.459,0.1812,0.7431,-0.0291,0.0544,0.2042,0.5198,0.1983,0.5441,0.1247,0.1288,0.1085,0.2014,-0.1086,0.5182,0.3854,-0.186,-0.2164,-0.0007,0.1098,0.1675,0.0715,0.2196
3.0818,0.8745,1.2254,0.2884,0.5342,0.1543,0.3025,0.0818,0.0385,0.2014,0.4226,-0.4312,0.2838,-0.127,0.1404,0.0257,-0.5385,-0.0215,0.4784,0.0328,0.1466,0.1848,-0.1738,-0.0329,-0.2888
3.1321,0.002,0.5408,0.2519,-0.1239,0.3143,0.2151,0.3703,0.4207,0.5956,-0.1815,0.3845,0.2175,0.2819,-0.0302,-0.1634,-0.1381,-0.2943,-0.2018,-0.1946,-0.1471,-0.4004,0.1393,0.5783,-0.1948
3.1824,-0.4728,0.3456,0.0874,0.4568,0.1991,-0.2473,0.6907,0.3344,0.6162,0.5968,0.8275,0.4617,0.4558,-0.0538,-0.3485,-0.2412,-0.1217,0.7813,0.2999,0.1285,-0.2092,0.2282,-0.1135,0.2702
3.2327,0.689,0.2474,0.8127,0.4472,0.325,-0.1295,0.4363,-0.0022,0.3066,0.4639,-0.2923,0.5963,0.0708,0.3183,0.171,-0.1453,-0.3857,0.2288,0.6776,0.0314,0.0366,-0.1451,-0.5207,0.0751
3.283,-0.2191,-0.1057,0.326,0.1515,0.0223,0.0283,0.3455,-0.2409,0.4101,0.6662,0.4275,0.4325,-0.1566,-0.0878,-0.3207,-0.0473,-0.0892,0.3894,-0.3079,0.1397,0.2045,-0.3168,-0.2627,-0.0623
3.3333,0.208,0.506,-0.1149,0.32,0.1553,0.012,-0.0039,0.3985,0.7879,0.05,0.2559,0.382,-0.1571,0.131,0.0214,0.425,0.205,0.2607,0.1484,0.6172,0.1574,0.1306,-0.1188,-0.3291
3.3836,0.2232,0.6388,-0.4066,0.1895,0.4585,0.2358,0.0857,0.3473,0.1199,-0.1712,-0.405,0.4666,0.5503,0.2035,-0.2313,-0.2601,0.0679,-0.2573,-0.1998,-0.2726,-0.4401,0.0239,0.1084,0.1416
3.434,-0.1469,0.1571,0.0861,-0.2778,0.5377,0.0163,0.1655,0.2745,-0.1988,1.0573,0.4328,0.485,-0.1118,-0.1095,0.1699,-0.2432,0.0097,-0.3762,0.2605,0.3907,0.4517,0.3988,-0.1199,-0.0801
3.4843,0.5855,0.6228,0.5636,-0.0493,-0.1173,0.1044,0.097,-0.0527,0.2438,-0.1851,0.1672,-0.0194,-0.309,-0.0417,-0.0736,-0.1956,-0.3457,0.3364,0.5478,0.0586,0.0222,-0.1498,0.0993,0.2562
3.5346,0.5686,0.0701,0.1616,0.11,0.0342,-0.0189,0.1411,0.4451,0.2816,-0.1339,0.0536,-0.2682,-0.3946,0.3834,-0.0507,-0.1448,-0.196,0.4151,-0.1265,0.0292,0.5328,0.5272,0.0987,0.138
3.5849,0.255,-0.4423,-0.6052,-0.0863,0.0516,-0.6874,-0.2769,1.0897,0.0096,0.2556,0.4651,0.1155,-0.0955,-0.4771,-0.4402,-0.177,-0.0895,0.1684,0.3331,-0.6128,0.2469,0.2302,-0.0801,-0.2309
3.6352,0.0683,-0.1188,-0.3359,0.2389,-0.3278,0.0401,0.599,0.1072,-0.0128,-0.0526,0.0794,0.5078,0.4064,-0.1735,0.0853,-0.3889,0.0963,0.0327,-0.0108,0.307,0.3848,-0.4199,0.2273,-0.3418
3.6855,0.1236,-0.2509,0.1031,0.3668,0.3476,-0.1864,-0.345,0.2055,0.677,0.1896,0.4427,-0.332,0.413,-0.3773,-0.1203,0.0817,0.7764,0.0587,-0.2,-0.335,0.1931,-0.1749,-0.2542,-0.1374
3.7358,-0.2721,-0.0257,0.3769,0.1387,0.2261,0.0087,0.0012,-0.203,-0.0524,-0.3407,0.8355,-0.2527,0.2118,0.0859,-0.232,-0.0378,-0.1915,0.0933,-0.1001,-0.2741,-0.1075,0.0312,-0.2857,0.1326
3.7862,-0.0234,0.2364,0.0906,-0.0635,0.2047,-0.1815,0.2843,-0.2088,-0.2509,-0.4607,0.1066,0.0449,-0.1903,0.8289,0.1279,0.2962,0.2938,-0.3951,0.3703,-0.0756,-0.051,-0.0162,0.2955,0.2282
3.8365,0.0096,-0.2376,0.0859,0.4499,0.008,0.2378,-0.1953,0.5422,-0.7943,-0.1231,0.1675,-0.1469,0.2767,-0.3536,0.2704,0.366,-0.3381,0.0381,0.1434,-0.0943,0.2848,-0.2482,0.0317,-0.5551
3.8868,-0.2208,0.0107,0.3567,0.0761,0.2959,0.021,0.3369,0.6885,0.2491,0.2367,-0.1416,0.3111,-0.0311,0.3808,0.4999,-0.4732,-0.3053,0.0177,-0.0112,-0.2583,-0.0852,-0.5273,-0.8529,0.4204
3.9371,0.2842,0.0892,0.4063,0.1355,0.3184,0.2419,-0.4073,-0.0633,0.3801,0.0195,0.4858,0.0314,0.2087,0.4369,0.0524,0.4634,-0.5883,-0.5339,-0.0407,0.4345,-0.549,-0.08,-0.125,0.0909
3.9874,-0.4032,-0.1951,-0.1782,-0.2042,0.3728,0.2592,-0.212,-0.1892,-0.3561,0.383,-0.3471,0.2559,0.6781,-0.6323,0.0625,0.1437,-0.2334,-0.8192,-0.1793,0.199,0.0168,-0.0565,0.1726,-0.085
4.0377,-0.1152,-0.252,0.1522,-0.0445,-0.0302,-0.1492,-0.6987,-0.2724,0.1653,-0.0579,-0.1354,0.0893,-0.0442,-0.395,-0.2883,0.3687,0.3129,-0.0681,0.2073,0.7198,0.0876,0.1803,0.4443,-0.5731
4.0881,-0.6584,0.0436,-0.2698,0.3169,0.1222,0.262,0.313,-0.1839,-0.1136,0.0738,-0.0015,0.118,-0.386,0.0,-0.2104,-0.0397,-0.0087,-0.622,0.6649,-0.2259,0.1487,0.0647,0.207,-0.2991
4.1384,0.1636,0.2762,-0.3084,0.2377,-0.1021,0.0832,-0.3586,0.0093,0.0052,-0.2575,-0.0403,-0.3599,0.5949,-0.2909,0.3378,0.1808,0.3627,-0.7176,-0.044,-0.2398,0.2219,-0.314,0.1001,0.3515
4.1887,0.2349,-0.1689,0.1886,-0.044,-0.0848,-0.3053,-0.2111,-0.3792,-0.1928,-0.4257,-0.2019,-0.2028,-0.026,0.0879,-0.1436,0.1548,-0.1542,-0.5281,-0.3108,0.5858,0.6107,0.2371,0.3101,0.0247
4.239,0.1964,-0.2154,-0.417,0.0125,0.3045,-0.0248,0.2236,-0.2221,-0.0214,-0.3536,0.2732,-0.6003,-0.0324,0.4135,0.5312,0.3882,0.3146,0.0648,0.1224,-0.3833,-0.4374,-0.1719,0.3036,0.0329
4.2893,0.8837,-0.0341,0.0592,0.068,0.0244,0.0365,0.0948,0.2672,0.2398,-0.2299,-0.0849,-0.2439,-0.4701,0.2144,-0.3783,-0.1977,-0.1727,-0.0094,0.1687,0.081,0.5395,0.2895,0.3441,-0.0976
4.3396,0.2888,0.0938,0.1011,-0.2755,-0.0393,0.3878,0.3089,-0.0657,-0.1731,0.5954,-0.6389,-0.1784,0.2462,-0.0565,-0.0543,-0.1956,0.2594,0.0283,0.3349,-0.0934,0.2241,-0.136,-0.338,-0.1444
4.3899,-0.277,-0.1573,0.264,-0.05,0.1866,-0.099,0.1823,-0.2499,-0.2244,-0.3798,0.3537,0.0875,0.3384,0.1723,-0.0639,-0.0909,0.4831,0.5285,-0.3659,-0.0798,0.0055,-0.1604,-0.0261,-0.0965
4.4403,0.8037,-0.0956,-0.3405,-0.1489,0.2042,0.4759,0.2542,-0.3682,-0.3242,-0.2596,0.5238,-0.3616,0.099,0.1072,-0.2069,0.3904,-0.0762,0.1645,0.094,-0.4262,-0.397,0.0006,-0.4502,0.2662
4.4906,-0.2723,-0.0656,0.118,-0.412,-0.2225,0.2347,-0.1584,0.2976,0.3144,0.4142,-0.1637,0.5158,0.3511,-0.3788,-0.0973,0.4426,-0.413,0.4808,-0.2565,-0.2054,0.0291,0.2319,0.3161,0.2566
4.5409,0.2397,-0.3227,-0.0346,0.0487,-0.1913,-0.6312,-0.0409,-0.3331,-0.273,-0.1965,0.4104,0.3482,-0.0958,-0.1795,-0.063,-0.3488,0.543,0.0616,0.4252,0.5863,0.1866,0.08,-0.2016,0.1911
4.5912,0.2254,-0.0508,0.4483,-0.0407,0.2162,-0.3082,0.2057,-0.0649,0.1627,0.1788,-0.1576,-0.3233,0.4285,0.1413,0.0453,0.1467,-0.2695,0.3335,0.2349,0.0474,-0.0061,-0.3852,-0.3045,-0.0682
4.6415,-0.2619,-0.166,-0.2208,-0.4371,0.1598,0.178,0.2092,0.2747,-0.3967,-0.6809,-0.2962,-0.5703,0.2565,-0.0198,-0.0313,-0.0223,-0.1783,0.4884,-0.0551,0.4531,-0.1335,0.2914,0.5372,0.1213
4.6918,0.4202,0.4766,-0.3314,-0.2369,-0.0613,-0.435,0.2667,0.137,-0.6625,-0.2897,-0.275,-0.4993,0.5538,0.0973,0.3049,-0.0829,-0.102,0.618,-0.3699,-0.189,-0.1744,-0.1979,-0.325,0.4659
4.7421,0.1077,-0.1539,0.1514,-0.0248,0.3601,0.1442,-0.2471,0.0628,-0.1927,0.1544,0.4925,0.0731,-0.477,0.2675,0.7401,0.1491,0.2655,-0.0661,0.587,0.042,-0.2331,-0.4289,-0.1231,0.2635
4.7925,0.1723,0.1382,-0.2557,-0.8663,-0.0287,0.4158,-0.3465,0.0654,0.0454,-0.5083,0.4113,-0.3902,-0.3508,-0.7254,0.2182,0.5459,0.1978,-0.3715,-0.0426,0.1959,0.1969,-0.5056,-0.005,0.4086
4.8428,-0.2019,0.1147,-0.3875,0.056,-0.5786,-0.0796,-0.3944,-0.3066,0.2995,0.0541,0.2094,-0.1067,0.2916,0.4448,0.1151,0.1662,0.1875,0.0193,0.2804,0.1915,0.1758,0.3896,-0.06,-0.4068
4.8931,0.3915,-0.3347,0.2737,0.0807,-0.2381,0.423,-0.1601,-0.239,0.2132,0.0106,-0.3029,0.149,0.1381,-0.5721,-0.2996,-0.1468,-0.0912,0.4218,-0.5855,-0.0552,0.2913,0.4554,0.3326,-0.579
4.9434,-0.2578,-0.3742,0.1296,0.1952,-0.4419,0.3977,-0.0486,-0.163,0.0711,-0.1686,0.2404,0.0978,-0.2497,0.0037,-0.1662,-0.1976,-0.067,0.4906,0.0433,0.0221,-0.2288,-0.1613,0.1746,0.2462
4.9937,-0.5333,-0.1332,-0.933,-0.1782,0.3441,-0.0165,-0.3764,-0.88,-0.7711,-0.0825,-0.3254,0.2009,0.0546,0.0461,-0.5108,0.143,0.2377,0.0406,0.2407,0.3299,0.4043,-0.0859,-0.303,-0.0352
5.044,0.4279,0.1991,-0.276,-0.4265,0.1519,-0.0097,-0.0738,-0.1488,0.1189,0.2109,0.1879,-0.4059,0.3056,-0.0438,0.1425,0.0708,0.4911,0.1166,-0.6609,0.0983,0.7478,-0.0153,0.2302,-1.0684
5.0943,-0.1278,-0.1717,-0.3322,0.1887,0.0359,0.0546,0.1707,-0.0545,-0.4675,-0.0163,-0.1634,0.1781,0.3695,0.0564,-0.4452,0.3331,-0.3829,0.4951,0.0864,-0.5295,0.0331,-0.3749,-0.0913,0.2345
5.1447,0.0132,-0.1966,0.1935,-0.4123,-0.6951,0.1337,0.2779,-0.0496,-0.2339,0.2941,-0.1707,0.188,0.1081,-0.1688,0.2024,0.4135,0.368,0.0555,0.3922,-0.1807,0.3468,0.0404,-0.1765,0.3389
5.195,0.577,-0.8699,0.4419,0.1624,-0.443,-0.4671,-0.195,-0.0616,0.5099,0.2331,-0.1567,0.2656,0.0572,-0.2193,-0.2278,0.0706,0.2822,0.2103,-0.4491,-0.3296,-0.3935,0.1652,0.1671,0.1062
5.2453,0.3411,-0.1189,0.6176,-0.2026,-0.0451,-0.0434,0.1515,0.036,0.2751,0.4602,-0.6218,0.2287,0.1706,-0.0316,0.1064,0.1783,0.1916,0.2886,-0.0376,-0.5061,0.7166,-0.1259,0.12,0.0509
5.2956,0.1899,0.0938,0.2119,-0.3036,-0.534,-0.5019,-0.4018,0.0557,-0.3473,-0.128,-0.5266,-0.4012,0.0154,0.0514,0.1551,0.4981,-0.2151,-0.0684,-0.1048,0.2445,0.1913,0.0719,0.0317,-0.4479
5.3459,0.321,0.1335,-0.3287,0.0884,0.2826,-0.1035,-0.2169,0.4626,-0.1278,0.0496,-0.045,-0.7511,0.6032,-0.207,-0.5656,0.3864,0.0246,-0.2641,-0.1909,0.3236,0.3726,-0.1235,-0.2621,0.3328
5.3962,-0.2182,0.1288,-0.3393,0.3367,-0.0308,-0.0658,0.013,0.0218,0.2117,-0.3174,-0.3223,0.091,-0.0985,0.095,-0.2385,-0.2731,0.1123,0.7678,-0.19,-0.2292,0.0909,0.3049,0.0155,0.7648
5.4465,0.226,-0.0983,-0.2858,-0.047,-0.0429,-0.5452,-0.2127,0.2303,-0.0675,0.1843,0.2467,0.4605,0.0346,-0.2608,0.1072,-0.4312,-0.196,-0.1813,-0.2734,-0.093,-0.4719,-0.274,-0.3701,0.7862
5.4969,0.333,-0.0681,0.1469,-0.0737,-0.019,-0.379,-0.2526,-0.2012,-0.0879,-0.2145,0.3525,-0.2495,-0.0276,-0.1779,0.1434,-0.4116,0.3509,-0.3306,-0.2343,0.5964,0.1508,-0.1396,0.2152,0.0226
5.5472,0.2267,0.2497,0.3797,-0.5065,-0.285,-0.1194,0.0614,0.0737,-0.3589,0.1834,-0.4679,-0.2527,0.4951,-0.0743,0.2396,-0.5289,-0.1437,-0.0798,-0.0188,-0.0449,0.0007,0.4275,-0.0969,0.0553
5.5975,-0.0612,-0.0407,-0.5753,0.2494,-0.3129,0.6481,-0.3164,0.0635,0.1379,-0.0849,-0.4523,0.0341,-0.1306,0.1316,-0.1027,0.1141,0.4595,0.0494,0.0239,-0.0235,0.2794,0.0549,-0.0384,0.2457
5.6478,-1.1242,-0.6909,0.1828,0.0219,-0.5696,-0.416,0.0141,-0.0908,0.1778,-0.0527,-0.051,0.3065,0.2944,-0.0959,-0.0278,-0.3783,-0.4508,0.0912,-0.4077,0.0962,-0.2485,0.7207,0.1944,-0.3351
5.6981,0.1672,0.306,0.2784,-0.0815,0.0071,0.0374,-0.0513,-0.5325,-0.261,0.0673,0.5833,0.2023,0.0118,0.1146,0.5354,0.202,-0.4134,-0.1011,-0.1836,0.3935,-0.9061,0.2218,-0.0708,-0.1518
5.7484,0.0345,-0.3233,0.0948,0.3925,0.1219,-0.2681,0.1334,-0.4237,-0.6289,-0.2239,-0.237,-0.3724,-0.1076,0.4806,0.0598,-0.249,-0.5699,0.1558,0.0304,0.1536,-0.0194,0.3485,0.1295,0.2219
5.7987,-0.1109,0.4126,0.9709,-0.4702,-0.0713,-0.1125,0.2071,0.1122,0.5188,-0.2021,0.1481,-0.148,-0.5983,-0.1462,0.2467,0.2834,0.2127,0.5338,0.3645,0.3248,-0.0985,0.1946,-0.225,0.0959
5.8491,0.2334,0.5082,0.1606,-0.1514,-0.0848,0.2956,0.0206,-0.037,-0.2314,-0.1884,-0.4976,-0.1864,0.0095,0.3872,-0.079,0.1862,-0.2729,-0.1026,0.368,-0.2865,0.2213,-0.2259,0.0708,-0.1492
5.8994,0.0797,0.2287,0.0098,0.0015,-0.282,0.0931,-0.1685,-0.0949,0.1035,-0.1642,-0.2753,0.1547,0.5309,-0.4002,-0.4514,0.0437,-0.248,0.0135,-0.0085,0.2622,-0.2559,0.2807,0.2629,-0.0165
5.9497,0.0612,0.2712,0.1832,-0.0887,0.0752,0.1277,0.2828,-0.2237,-0.2768,0.1841,0.1415,0.2094,-0.1818,0.1905,0.1399,0.1315,0.2722,0.4344,0.0349,-0.0218,-0.1122,-0.2966,-0.5604,-0.3529
6.0,-0.4451,0.5573,-0.1633,-0.731,-0.7354,0.1466,0.0394,0.006,-0.2437,-0.119,-0.0771,-0.2816,-0.8514,-0.0616,0.1637,-0.3916,0.5196,-0.313,-0.431,-0.2371,-0.1092,-0.4906,-0.1474,-0.1061
